{ 
"joint_twist_data": [
    ["r", [0.707107, 0.521334, 0.477714], [0, 0, 0]],
    ["r", [0.593426, -0.804889, 0.0], [0, 0, 0]],
    ["r", [0, 0, -1], [0, 0, 0]],
    ["r", [1, 0, 0], [0, 0, -0.3036]],
    ["r", [0, 0, -1], [0, 0, -0.3036]],
    ["r", [0, 1, 0], [0, 0, -0.5803]],
    ["r", [1, 0, 0], [0, 0, -0.5803]]
]
,
"right_joint_twist_data": [
    ["r", [0.707107, -0.521334, -0.477714], [0, 0, 0]],
    ["r", [0.593426, 0.804889, 0.0], [0, 0, 0]],
    ["r", [0, 0, 1], [0, 0, 0]],
    ["r", [1, 0, 0], [0, 0, -0.3036]],
    ["r", [0, 0, 1], [0, 0, -0.3036]],
    ["r", [0, -1, 0], [0, 0, -0.5803]],
    ["r", [1, 0, 0], [0, 0, -0.5803]]
]
,
"end_effector_ref_config": [
    [1,0,0,0],
    [0,1,0,0],
    [0,0,1,0],
    [0,0,0,1]]
,
"generateAdjoint": 0
,
"generateAdjointInverse": 0
,
"generateSpatialJacobian": 0
,
"generateBodyJacobian": 0
,
"generatePOIBodyJacobians": 1,

"pointsOfInterest": 
    {"LUpperSensor": [3, [-0.04672, -0.01115, -0.202]],
    "LLowerSensor": [5, [0.00534, -0.02979, -0.5119]], 
    "LWristSensor": [7, [-0.04091, 0.02321, -0.630]],
    "RUpperSensor": [3, [0.04672, -0.01115, -0.202]], 
    "RLowerSensor": [5, [-0.00534, -0.02979, -0.5119]],
    "RWristSensor": [7, [0.04091, 0.02321, -0.630]]
    }
}