{ 
"manipulator_data": {
    "joint_twists": [
        ["r", [0.707107, 0.521334, 0.477714], [0, 0, 0]],
        ["r", [0.593426, -0.804889, 0.0], [0, 0, 0]],
        ["r", [0, 0, -1], [0, 0, 0]],
        ["r", [1, 0, 0], [0, 0, -0.3036]],
        ["r", [0, 0, -1], [0, 0, -0.3036]],
        ["r", [0, 1, 0], [0, 0, -0.5803]],
        ["r", [1, 0, 0], [0, 0, -0.5803]]
    ]
    ,
    "link_masses": [13.85860, 1.90092, 9.56736, 1.30118, 2.21552, 0.98365, 0.72956]
    ,
    "principal_moments": [
        [0.08565, 0.48840, 0.53990],
        [0.00517, 0.01295, 0.01560],
        [0.02499, 0.05136, 0.05415],
        [0.00235, 0.00759, 0.00841],
        [0.00293, 0.00892, 0.00999],
        [0.00064, 0.00345, 0.00393],
        [0.00120, 0.00168, 0.00233]
    ]
    ,
    "center_masses": [
        [-0.23524, 0.13651, -0.05857],
        [-0.05823, 0.05051, -0.09990],
        [-0.18034, -0.02335, -0.26417],
        [-0.01520, -0.03836, -0.37523],
        [0.02256, -0.11140, -0.46887],
        [-0.09452, -0.02710, -0.58015],
        [-0.01190, 0.04524, -0.65505]
    ]
    ,
    "principal_axes": [
        [[-0.61112,  -0.63364,  -0.47438], [0.68617, -0.72285,  0.08159], [-0.39460, -0.27564,  0.87653]],
        [[0.08146,  -0.83151,  -0.54951], [-0.72090, -0.42988,  0.54361], [-0.68824,  0.35185, -0.63445]],
        [[0.40235, -0.31316, 0.86026], [0.05348, -0.93003, -0.36357], [0.91392, 0.19229, -0.35744]],
        [[0.94455,  -0.29870,  -0.13638], [0.32750,  0.88704,  0.32543], [0.02377, -0.35205,  0.93568]],
        [[-0.08702,  -0.00257,  -0.99620], [0.49113, -0.87014, -0.04066], [-0.86673, -0.49280,  0.07698]],
        [[-0.00265,  -1.00000,  -0.00028], [0.99993, -0.00265, -0.01176], [0.01176, -0.00031,  0.99993]],
        [[0.19916, -0.89843, -0.39135], [0.51324, 0.43583, -0.73935], [0.83482, -0.05361, 0.54791]]
    ]
}
,
"generateDynamics": 0
,
"points_of_interest": {
    "leftUpperSensor": [3, [-0.04672, -0.01115, -0.202], [[1,0,0], [0,1,0], [0,0,1]], 1, 1, 1, 1],
    "leftLowerSensor": [5, [0.00534, -0.02979, -0.5119], [[1,0,0], [0,1,0], [0,0,1]], 1, 1, 1, 1], 
    "leftWristSensor": [7, [-0.04091, 0.02321, -0.630], [[1,0,0], [0,1,0], [0,0,1]], 1, 1, 1, 1],
    "endEffector": [7, [0, 0, 0], [[1,0,0], [0,1,0], [0,0,1]], 1, 1, 1, 1]
}
}