{ 
"generateForwardKinematicsMap": 1
,
"generateSimpleAdjoint": 1
,
"generateSimpleAdjointInverse": 1
,
"generateSimpleSpatialJacobian": 1
,
"generateSimpleBodyJacobian": 1
,
"generateSimplePOIBodyJacobians": 1
,
"generatePOIBodyJacobians": 1
,
"generateDynamics": 1
,
"simple_data": {
    "simple_joint_twist_data": [
        ["r", [0.707107, 0.521334, 0.477714], [0, 0, 0]],
        ["r", [0.593426, -0.804889, 0.0], [0, 0, 0]],
        ["r", [0, 0, -1], [0, 0, 0]],
        ["r", [1, 0, 0], [0, 0, -0.3036]],
        ["r", [0, 0, -1], [0, 0, -0.3036]],
        ["r", [0, 1, 0], [0, 0, -0.5803]],
        ["r", [1, 0, 0], [0, 0, -0.5803]]
],
    "end_effector_ref_config": [
        [1,0,0,0],
        [0,1,0,0],
        [0,0,1,0],
        [0,0,0,1]]
,
    "simple_points_of_interest": {
        "testSensor": [3, [-0.04672, -0.01115, -0.202]]
    }
}
,
"POI_data": {
    "left" : {
        "left_joint_twist_data": [
            ["r", [0.707107, 0.521334, 0.477714], [0, 0, 0]],
            ["r", [0.593426, -0.804889, 0.0], [0, 0, 0]],
            ["r", [0, 0, -1], [0, 0, 0]],
            ["r", [1, 0, 0], [0, 0, -0.3036]],
            ["r", [0, 0, -1], [0, 0, -0.3036]],
            ["r", [0, 1, 0], [0, 0, -0.5803]],
            ["r", [1, 0, 0], [0, 0, -0.5803]]
]
,
        "left_points_of_interest": { 
            "leftUpperSensor": [3, [-0.04672, -0.01115, -0.202]],
            "leftLowerSensor": [5, [0.00534, -0.02979, -0.5119]], 
            "leftWristSensor": [7, [-0.04091, 0.02321, -0.630]]
}
}
,
    "right": {
        "right_joint_twist_data": [
            ["r", [0.707107, -0.521334, -0.477714], [0, 0, 0]],
            ["r", [0.593426, 0.804889, 0.0], [0, 0, 0]],
            ["r", [0, 0, 1], [0, 0, 0]],
            ["r", [1, 0, 0], [0, 0, -0.3036]],
            ["r", [0, 0, 1], [0, 0, -0.3036]],
            ["r", [0, -1, 0], [0, 0, -0.5803]],
            ["r", [1, 0, 0], [0, 0, -0.5803]]
]
,
        "right_points_of_interest": { 
            "rightUpperSensor": [3, [0.04672, -0.01115, -0.202]], 
            "rightLowerSensor": [5, [-0.00534, -0.02979, -0.5119]],
            "rightWristSensor": [7, [0.04091, 0.02321, -0.630]]
}
}
}
,
"dynamics_data" : {
    "left": {
        "left_joint_twist_data": [
            ["r", [0.707107, 0.521334, 0.477714], [0, 0, 0]],
            ["r", [0.593426, -0.804889, 0.0], [0, 0, 0]],
            ["r", [0, 0, -1], [0, 0, 0]],
            ["r", [1, 0, 0], [0, 0, -0.3036]],
            ["r", [0, 0, -1], [0, 0, -0.3036]],
            ["r", [0, 1, 0], [0, 0, -0.5803]],
            ["r", [1, 0, 0], [0, 0, -0.5803]]
        ],
        "left_link_masses": [13.85860, 1.90092, 9.56736, 1.30118, 2.21552, 0.98365, 0.72956],
        "left_principal_moments": [
            [0.08565, 0.48840, 0.53990],
            [0.00517, 0.01295, 0.01560],
            [0.02499, 0.05136, 0.05415],
            [0.00235, 0.00759, 0.00841],
            [0.00293, 0.00892, 0.00999],
            [0.00064, 0.00345, 0.00393],
            [0.00120, 0.00168, 0.00233]
        ],
        "left_center_masses": [
            [-0.23524, 0.13651, -0.05857],
            [-0.05823, 0.05051, -0.09990],
            [-0.18034, -0.02335, -0.26417],
            [-0.01520, -0.03836, -0.37523],
            [0.02256, -0.11140, -0.46887],
            [-0.09452, -0.02710, -0.58015],
            [-0.01190, 0.04524, -0.65505]
        ],
        "left_principal_axes": [
            [[-0.61112,  -0.63364,  -0.47438], [0.68617, -0.72285,  0.08159], [-0.39460, -0.27564,  0.87653]],
            [[0.08146,  -0.83151,  -0.54951], [-0.72090, -0.42988,  0.54361], [-0.68824,  0.35185, -0.63445]],
            [[0.40235, -0.31316, 0.86026], [0.05348, -0.93003, -0.36357], [0.91392, 0.19229, -0.35744]],
            [[0.94455,  -0.29870,  -0.13638], [0.32750,  0.88704,  0.32543], [0.02377, -0.35205,  0.93568]],
            [[-0.08702,  -0.00257,  -0.99620], [0.49113, -0.87014, -0.04066], [-0.86673, -0.49280,  0.07698]],
            [[-0.00265,  -1.00000,  -0.00028], [0.99993, -0.00265, -0.01176], [0.01176, -0.00031,  0.99993]],
            [[0.19916, -0.89843, -0.39135], [0.51324, 0.43583, -0.73935], [0.83482, -0.05361, 0.54791]]
        ]
    }
    ,
    "right": {
        "right_joint_twist_data": [
            ["r", [0.707107, -0.521334, -0.477714], [0, 0, 0]],
            ["r", [0.593426, 0.804889, 0.0], [0, 0, 0]],
            ["r", [0, 0, 1], [0, 0, 0]],
            ["r", [1, 0, 0], [0, 0, -0.3036]],
            ["r", [0, 0, 1], [0, 0, -0.3036]],
            ["r", [0, -1, 0], [0, 0, -0.5803]],
            ["r", [1, 0, 0], [0, 0, -0.5803]]
        ],
        "right_link_masses": [13.85860, 1.90092, 7.74691, 1.30118, 2.21552, 0.98365, 0.85610],
        "right_principal_moments": [
            [0.08565, 0.48840, 0.53990],
            [0.00517, 0.01295, 0.01560],
            [0.02506, 0.05162, 0.05438],
            [0.00235, 0.00759, 0.00841],
            [0.00293, 0.00892, 0.00999],
            [0.00064, 0.00345, 0.00393],
            [0.00122, 0.00168, 0.00236]
        ],
        "right_center_masses": [
            [0.23524, 0.13651, -0.05857],
            [0.05823, 0.05051, -0.09990],
            [0.18029, -0.02337, -0.26411],
            [0.01520, -0.03836, -0.37523],
            [-0.02256, -0.11140, -0.46887],
            [0.09452, -0.02710, -0.58015],
            [0.01210, 0.04501, -0.65481]
        ],
        "right_principal_axes": [
            [[-0.61112,  0.63364,  0.47438], [-0.68617, -0.72285,  0.08159], [0.39460, -0.27564,  0.87653]],
            [[0.08146,  0.83151,  0.54951], [0.72090, -0.42988,  0.54361], [0.68824,  0.35185, -0.63445]],
            [[-0.39956, -0.31532,  0.86077], [-0.04552, -0.93100, -0.36218], [0.91558, -0.18390,  0.35763]],
            [[0.94455,  0.29870,  0.13638], [-0.32750,  0.88704,  0.32543], [-0.02377, -0.35205,  0.93568]],
            [[-0.08702,  0.00257,  0.99620], [-0.49113, -0.87014, -0.04066], [0.86673, -0.49280,  0.07698]],
            [[-0.00265,  1.00000,  0.00028], [-0.99993, -0.00265, -0.01176], [-0.01176, -0.00031,  0.99993]],
            [[0.19478,  0.90115,  0.38729], [0.51513, -0.43000,  0.74145], [0.83469,  0.05508, -0.54796]]
        ]
    }
}
}